style,mean_sentiment,mean_rating,n_reviews
wide-leg jeans,0.7917851618320408,3.9072164948453607,291
oversized blazer,0.7743132233744715,3.8641114982578397,287
puffer jacket,0.7362173943346503,3.758992805755396,278
trench coat,0.7029274843836045,3.5520833333333335,288
ballet flats,0.702386319832109,3.6070175438596492,285
cargo pants,0.6000244257726366,3.2867132867132867,286
slip dress,0.5509472799113795,3.1783216783216783,286
chunky sneakers,0.544586250505384,3.081272084805654,283
